Date,Sentiment,Open,High,Low,Close,Adj Close,Volume
2014-01-02,Positive,64.610001,64.639999,63.439999,63.580002,55.403057,2282100
2014-01-03,Neutral,63.580002,63.869999,63.139999,63.509998,55.342052,1739100
2014-01-06,Negative,63.639999,63.810001,63.25,63.52,55.350765,1889000
2014-01-07,Negative,63.810001,64.739998,63.700001,64.690002,56.370312,2196600
2014-01-08,Positive,64.529999,65.129997,64.279999,64.760002,56.431293,2935500
2014-01-09,Positive,65.5,66.440002,65.160004,66.32,57.790665,2961600
2014-01-10,Neutral,66.769997,67.82,66.639999,67.779999,59.062893,3385000
2014-01-13,Positive,67.769997,68.470001,67.010002,67.169998,58.531357,2852000
2014-01-14,Negative,67.199997,67.43,66.82,67.110001,58.479065,1750500
2014-01-15,Negative,67.099998,67.160004,66.559998,66.629997,58.060802,1613700
2014-01-16,Positive,66.239998,66.550003,65.849998,66.480003,57.930099,1779500
2014-01-21,Negative,66.489998,66.940002,66.379997,66.879997,58.278641,2775200
2014-01-22,Negative,66.879997,67.239998,66.790001,67.120003,58.487785,2148200
2014-01-23,Neutral,66.720001,67.0,66.07,66.400002,57.860374,2643500
2014-01-24,Negative,66.089996,66.82,65.860001,65.93,57.450825,2383200
2014-01-27,Positive,65.959999,66.75,65.849998,66.419998,57.877811,2171700
2014-01-28,Neutral,66.419998,66.639999,66.059998,66.260002,57.738392,2380500
2014-01-29,Negative,66.080002,66.459999,65.870003,66.279999,57.75581,2646200
2014-01-30,Neutral,66.449997,67.169998,66.330002,67.050003,58.426785,2184200
2014-01-31,Neutral,65.620003,68.449997,65.080002,67.910004,59.176186,4436900
2014-02-03,Neutral,67.839996,68.860001,66.919998,67.120003,58.487785,3096300
2014-02-04,Neutral,67.129997,67.349998,65.760002,65.849998,57.381111,3507300
2014-02-06,Positive,65.650002,66.099998,65.110001,65.93,57.450825,1735000
2014-02-07,Positive,66.080002,66.980003,65.949997,66.93,58.322212,2138000
2014-02-10,Neutral,67.269997,68.57,66.93,68.489998,59.681587,3972400
2014-02-11,Neutral,68.690002,69.589996,68.360001,69.139999,60.247993,3114000
2014-02-12,Neutral,69.0,69.519997,68.760002,69.360001,60.439701,1846600
2014-02-13,Neutral,69.059998,70.75,69.0,70.690002,61.598652,2736000
2014-02-14,Neutral,70.489998,71.169998,70.099998,71.110001,61.964642,2225000
2014-02-18,Positive,71.150002,71.309998,70.68,70.860001,61.746777,2094900
2014-02-19,Neutral,70.82,71.730003,70.470001,70.639999,61.555084,2125000
2014-02-21,Negative,71.599998,72.07,71.32,71.389999,62.208611,1549200
2014-02-24,Negative,71.400002,72.220001,71.269997,71.290001,62.121475,1514400
2014-02-25,Neutral,71.389999,71.959999,71.110001,71.260002,62.095348,1893800
2014-02-26,Negative,70.949997,71.019997,69.599998,69.760002,61.304436,2633900
2014-02-27,Positive,69.760002,70.129997,69.25,69.580002,61.146255,1652600
2014-02-28,Negative,69.470001,69.809998,69.089996,69.400002,60.988071,4112500
2014-03-03,Positive,68.970001,69.449997,68.389999,68.589996,60.276249,2861700
2014-03-04,Negative,69.300003,69.519997,68.860001,69.290001,60.891388,2891000
2014-03-05,Neutral,69.260002,69.300003,68.349998,68.519997,60.214725,2721300
2014-03-06,Positive,68.75,68.900002,67.790001,67.970001,59.731396,2294500
2014-03-07,Positive,67.889999,68.510002,67.589996,68.440002,60.144432,3006800
2014-03-10,Positive,68.309998,68.660004,67.970001,68.349998,60.065338,2016900
2014-03-11,Positive,68.43,68.43,67.75,68.050003,59.801697,2223000
2014-03-12,Positive,68.010002,69.010002,67.849998,68.980003,60.618965,2711200
2014-03-13,Neutral,69.040001,69.68,68.860001,69.5,61.075939,3369800
2014-03-14,Positive,69.419998,70.089996,69.129997,69.889999,61.418671,4787500
2014-03-18,Negative,70.599998,70.870003,70.209999,70.5,61.95472,2411100
2014-03-21,Neutral,70.82,70.959999,69.93,70.059998,61.568066,4528700
2014-03-25,Positive,69.949997,70.209999,69.519997,70.07,61.576855,1658300
2014-03-26,Positive,70.129997,70.970001,69.970001,70.360001,61.831707,2189500
2014-03-27,Negative,70.419998,71.019997,70.080002,70.949997,62.350185,1819800
2014-03-28,Neutral,70.82,71.129997,70.599998,71.089996,62.473225,1866300
2014-03-31,Negative,71.279999,71.519997,70.239998,70.989998,62.385338,2850500
2014-04-01,Negative,70.849998,71.160004,70.040001,70.400002,61.866848,2418500
2014-04-02,Negative,70.400002,70.720001,69.889999,70.279999,61.761395,1818400
2014-04-03,Neutral,70.470001,70.57,69.660004,69.769997,61.313217,2319900
2014-04-04,Positive,70.0,70.720001,69.550003,69.620003,61.1814,2602500
2014-04-07,Neutral,69.620003,69.919998,69.18,69.190002,60.803516,2503800
2014-04-08,Positive,69.300003,70.660004,68.790001,70.480003,61.937168,3601100
2014-04-11,Positive,69.529999,69.93,69.239998,69.419998,61.005638,2285400
2014-04-14,Positive,69.730003,70.519997,69.400002,70.230003,61.717468,1865500
2014-04-16,Positive,70.800003,71.529999,70.519997,71.529999,62.859909,1799300
2014-04-17,Neutral,71.230003,71.690002,70.639999,70.669998,62.104134,1831200
2014-04-21,Neutral,70.879997,71.339996,70.370003,70.730003,62.156868,1235400
2014-04-22,Neutral,70.82,71.050003,70.400002,70.870003,62.279892,1602900
2014-04-23,Negative,70.790001,71.559998,70.720001,71.059998,62.446865,1732900
2014-04-24,Neutral,71.110001,71.769997,70.610001,71.519997,62.851089,1489900
2014-04-25,Negative,71.519997,72.379997,71.489998,72.330002,63.562927,1689200
2014-04-28,Neutral,72.330002,72.839996,71.919998,72.739998,63.923229,1864600
2014-04-29,Positive,72.709999,72.809998,72.120003,72.459999,63.677166,2323800
2014-04-30,Neutral,72.900002,73.75,72.18,72.540001,63.747467,2745300
2014-05-01,Positive,72.580002,73.0,71.790001,72.480003,63.694748,1572100
2014-05-02,Neutral,72.129997,72.239998,70.470001,70.860001,62.271099,1906800
2014-05-05,Positive,70.709999,71.260002,70.599998,71.160004,62.534744,1621800
2014-05-06,Neutral,70.959999,71.160004,70.480003,70.639999,62.077766,1895200
2014-05-07,Positive,71.110001,72.239998,71.010002,72.209999,63.457466,1942700
2014-05-08,Negative,72.080002,72.379997,70.870003,71.080002,62.464428,1425300
2014-05-09,Positive,71.089996,71.290001,69.75,69.860001,61.392307,1664700
2014-05-13,Neutral,69.519997,69.989998,69.290001,69.800003,61.339584,2003800
2014-05-14,Neutral,69.919998,70.989998,69.919998,70.57,62.016254,2071200
2014-05-15,Negative,70.629997,70.760002,69.970001,70.080002,61.585655,1309800
2014-05-16,Negative,70.059998,70.370003,69.779999,70.330002,61.80534,1513000
2014-05-19,Positive,70.209999,70.260002,68.989998,69.040001,60.6717,2053600
2014-05-20,Negative,69.18,69.650002,68.699997,68.919998,60.566242,1937500
2014-05-21,Neutral,69.099998,69.260002,68.720001,68.959999,60.601387,1461700
2014-05-22,Negative,69.160004,70.129997,68.959999,69.82,61.357151,1518500
2014-05-23,Neutral,69.940002,70.0,69.32,69.32,60.917767,2387600
2014-05-27,Negative,69.720001,70.0,69.080002,69.419998,61.005638,2416100
2014-05-28,Neutral,68.849998,68.980003,68.25,68.349998,60.589001,3679400
2014-05-29,Neutral,68.410004,68.610001,68.18,68.519997,60.739708,2983800
2014-05-30,Negative,68.589996,68.989998,68.220001,68.959999,61.129738,2524100
2014-06-02,Neutral,69.0,69.769997,68.739998,69.599998,61.697067,2051300
2014-06-03,Negative,69.519997,70.019997,69.459999,69.870003,61.93642,2551100
2014-06-04,Negative,69.559998,70.110001,69.419998,70.050003,62.095982,2026200
2014-06-05,Positive,69.900002,70.419998,69.790001,70.230003,62.255547,2265100
2014-06-06,Negative,70.400002,70.599998,69.730003,69.849998,61.918686,1619800
2014-06-09,Neutral,69.690002,69.769997,68.849998,69.010002,61.174068,1799600
2014-06-10,Neutral,68.639999,69.059998,68.43,68.629997,60.837204,1887200
2014-06-11,Positive,68.440002,68.669998,67.68,67.709999,60.021671,2006600
2014-06-12,Neutral,67.599998,68.269997,67.059998,68.029999,60.305344,1926600
2014-06-13,Positive,68.0,68.599998,67.610001,68.440002,60.668789,2691700
2014-06-16,Negative,68.360001,69.330002,68.239998,68.5,60.72197,2580400
2014-06-18,Neutral,68.470001,69.970001,68.370003,69.949997,62.007336,2948400
2014-06-19,Positive,70.169998,71.290001,70.089996,71.0,62.93811,3955600
2014-06-20,Neutral,70.970001,71.410004,70.309998,70.379997,62.388504,3937400
2014-06-23,Neutral,70.629997,70.879997,69.720001,70.040001,62.087112,2187200
2014-06-24,Negative,69.940002,70.589996,69.919998,70.339996,62.353039,1802200
2014-06-25,Neutral,70.0,70.129997,69.5,69.760002,61.838905,4956800
2014-06-26,Negative,70.099998,71.169998,69.900002,71.129997,63.053337,6884200
2014-06-27,Negative,70.910004,71.110001,70.459999,70.82,62.778553,3406100
2014-06-30,Positive,70.739998,71.699997,70.519997,71.519997,63.399055,3228900
2014-07-01,Positive,71.529999,71.620003,70.639999,71.160004,63.079937,3214200
2014-07-02,Neutral,70.989998,71.0,69.269997,69.639999,61.732536,3615900
2014-07-03,Negative,69.260002,69.260002,68.029999,68.660004,60.863808,2603900
2014-07-07,Positive,68.5,69.300003,68.379997,68.860001,61.041096,2767500
2014-07-08,Neutral,68.739998,69.209999,68.68,69.150002,61.298161,2702100
2014-07-09,Positive,69.25,69.379997,68.699997,69.199997,61.342484,1726900
2014-07-10,Neutral,69.110001,70.0,69.0,69.980003,62.033924,2191100
2014-07-11,Positive,69.800003,69.980003,69.419998,69.5,61.608444,1257700
2014-07-14,Neutral,69.720001,69.75,68.879997,68.900002,61.07655,1605000
2014-07-15,Neutral,68.849998,69.599998,68.809998,69.519997,61.626148,2406500
2014-07-17,Positive,69.68,69.879997,69.129997,69.139999,61.289303,2012900
2014-07-18,Neutral,69.440002,70.300003,68.970001,70.160004,62.193485,1852000
2014-07-21,Neutral,69.760002,70.330002,69.730003,70.019997,62.06937,1564600
2014-07-22,Positive,70.339996,70.349998,69.839996,69.940002,61.998474,1690700
2014-07-23,Neutral,69.849998,70.290001,69.68,70.209999,62.237797,1314000
2014-07-24,Positive,69.779999,70.599998,69.779999,70.339996,62.353039,1203200
2014-07-29,Positive,70.669998,70.980003,69.93,69.93,61.98959,2231100
2014-07-30,Negative,70.0,70.660004,68.400002,68.970001,61.138611,2588900
2014-07-31,Negative,68.629997,68.849998,67.580002,67.639999,59.959618,3266900
2014-08-01,Negative,67.330002,68.410004,67.220001,67.589996,59.915287,2601800
2014-08-04,Negative,67.480003,67.589996,65.849998,67.029999,59.418892,3911100
2014-08-05,Positive,66.959999,67.089996,65.739998,66.010002,58.514721,3036100
2014-08-07,Positive,65.169998,65.940002,65.169998,65.760002,58.293102,2863700
2014-08-08,Neutral,66.209999,67.900002,66.209999,67.849998,60.145779,3872800
2014-08-11,Neutral,67.82,68.089996,67.300003,67.550003,59.879833,2103600
2014-08-12,Positive,67.379997,67.82,67.279999,67.489998,59.826653,1372800
2014-08-13,Neutral,67.580002,68.050003,67.360001,67.769997,60.074856,1321500
2014-08-14,Neutral,67.830002,68.349998,67.739998,68.290001,60.53582,1194800
2014-08-15,Neutral,68.57,69.349998,68.480003,68.900002,61.07655,2190900
2014-08-18,Positive,68.970001,69.25,68.559998,68.68,60.881523,1375600
2014-08-19,Neutral,68.68,69.610001,68.589996,69.589996,61.68821,1780800
2014-08-20,Negative,69.550003,69.709999,69.160004,69.650002,61.741394,1221800
2014-08-21,Negative,69.639999,70.150002,69.57,69.690002,61.776852,1606900
2014-08-22,Negative,69.809998,69.940002,68.989998,69.510002,61.61729,1617300
2014-08-25,Positive,69.779999,70.25,69.589996,70.089996,62.131416,1574200
2014-08-26,Negative,70.150002,70.379997,69.410004,69.43,61.546379,1483300
2014-08-27,Negative,69.0,69.529999,68.93,69.480003,62.127598,1850600
2014-08-28,Positive,69.230003,69.860001,69.059998,69.849998,62.458443,1696000
2014-08-29,Negative,69.730003,70.260002,69.580002,70.220001,62.789284,1606400
2014-09-02,Negative,70.330002,70.949997,69.080002,69.470001,62.11866,2619800
2014-09-03,Neutral,69.519997,70.0,69.440002,69.660004,62.288551,1671500
2014-09-05,Neutral,70.389999,71.300003,70.330002,71.290001,63.746056,2017300
2014-09-08,Neutral,71.199997,71.330002,70.480003,70.849998,63.3526,2695700
2014-09-09,Neutral,70.629997,70.779999,69.839996,69.870003,62.476326,2497800
2014-09-10,Positive,69.769997,69.959999,69.330002,69.529999,62.172302,1497700
2014-09-11,Neutral,69.529999,70.050003,69.209999,69.919998,62.521019,1605800
2014-09-12,Positive,69.57,69.57,68.279999,68.580002,61.322834,1942000
2014-09-15,Neutral,68.739998,69.040001,68.339996,68.660004,61.394379,1272500
2014-09-16,Neutral,68.550003,69.639999,68.510002,69.339996,62.002407,1719200
2014-09-17,Negative,69.730003,69.779999,68.669998,69.050003,61.743095,2307100
2014-09-18,Negative,69.059998,69.309998,68.190002,68.519997,61.269173,1756000
2014-09-19,Negative,68.379997,69.07,68.379997,68.919998,61.626846,3030300
2014-09-22,Negative,68.919998,68.989998,68.080002,68.300003,61.072464,1709700
2014-09-29,Neutral,67.800003,68.580002,67.589996,68.480003,61.233421,1660400
2014-09-30,Positive,68.849998,70.160004,68.839996,69.089996,61.778866,2832700
2014-10-01,Positive,69.419998,69.93,69.059998,69.260002,61.930882,2192300
2014-10-02,Neutral,69.25,69.75,69.019997,69.32,61.984512,1679200
2014-10-03,Negative,69.489998,70.150002,69.019997,70.040001,62.62833,2125600
2014-10-06,Neutral,70.029999,70.440002,69.75,70.07,62.655151,1846800
2014-10-07,Negative,69.720001,70.669998,69.699997,70.190002,62.76247,2797800
2014-10-08,Neutral,70.199997,72.199997,70.040001,72.120003,64.488235,4582800
2014-10-09,Neutral,72.120003,72.239998,70.389999,70.43,62.977058,2729100
2014-10-10,Positive,70.779999,71.629997,70.589996,70.620003,63.146965,2966300
2014-10-13,Positive,70.790001,71.360001,69.970001,69.989998,62.583626,3822200
2014-10-14,Positive,70.269997,70.349998,67.959999,68.18,60.965145,8512600
2014-10-15,Neutral,67.730003,68.019997,65.529999,66.330002,59.310925,8471800
2014-10-16,Negative,65.550003,68.389999,65.550003,67.980003,60.786327,4927200
2014-10-17,Neutral,68.239998,68.910004,67.510002,68.730003,61.456959,3108000
2014-10-21,Negative,69.57,70.129997,69.150002,70.010002,62.601498,1810300
2014-10-22,Negative,69.849998,70.769997,69.830002,70.029999,62.619392,2647600
2014-10-23,Positive,70.559998,70.75,69.889999,70.099998,62.681976,1818900
2014-10-24,Negative,70.220001,70.989998,70.019997,70.720001,63.236382,1751100
2014-10-27,Neutral,70.709999,70.940002,70.239998,70.360001,62.914478,1679700
2014-10-28,Positive,70.519997,70.709999,69.720001,70.709999,63.227428,2520600
2014-10-29,Neutral,70.669998,71.0,69.529999,70.169998,62.744579,2347400
2014-10-30,Negative,70.449997,71.669998,69.68,71.580002,64.005379,3766900
2014-10-31,Negative,70.040001,71.790001,70.040001,71.300003,63.754997,4292900
2014-11-03,Neutral,71.529999,72.940002,71.470001,72.559998,64.881668,3224200
2014-11-04,Neutral,72.610001,72.82,71.419998,71.82,64.219978,1964500
2014-11-05,Negative,72.099998,74.589996,71.910004,74.18,66.330231,4824700
2014-11-06,Positive,74.18,74.239998,72.559998,73.080002,65.346649,3884700
2014-11-07,Positive,73.419998,73.919998,73.18,73.889999,66.070923,2038500
2014-11-14,Neutral,72.010002,72.099998,71.389999,71.57,63.996437,2888400
2014-11-24,Positive,73.25,73.730003,72.919998,73.050003,65.319824,2431000
2014-11-25,Positive,72.449997,72.82,71.980003,72.629997,65.482101,2652800
2014-11-26,Negative,72.779999,72.989998,72.139999,72.529999,65.391937,1591000
2014-11-28,Positive,72.449997,73.300003,72.419998,72.550003,65.409966,1268500
2014-12-01,Neutral,72.160004,72.949997,71.900002,72.279999,65.166534,2643200
2014-12-02,Neutral,72.269997,73.199997,71.900002,72.839996,65.671417,2286000
2014-12-03,Negative,72.82,73.07,72.220001,72.580002,65.437027,1496500
2014-12-04,Negative,72.589996,73.050003,72.169998,72.739998,65.581268,1733000
2014-12-05,Neutral,72.029999,72.669998,71.860001,72.150002,65.049347,1571500
2014-12-08,Negative,72.309998,73.010002,72.0,72.349998,65.229652,1654000
2014-12-09,Neutral,72.25,72.800003,72.110001,72.510002,65.373901,2094800
2014-12-10,Negative,73.529999,74.470001,71.809998,71.879997,64.805901,8403400
2014-12-11,Negative,72.57,73.949997,72.32,73.370003,66.149277,3741000
2014-12-15,Neutral,73.059998,73.059998,71.43,71.980003,64.89608,2352100
2014-12-16,Neutral,72.010002,73.309998,71.339996,71.790001,64.72477,2124900
2014-12-17,Negative,72.360001,74.089996,72.18,73.970001,66.690224,2643800
2014-12-18,Negative,74.239998,75.339996,73.779999,75.330002,67.916382,2756200
2014-12-19,Neutral,75.300003,75.949997,74.440002,75.400002,67.979477,4360700
2014-12-22,Neutral,76.029999,76.970001,75.779999,76.510002,68.980247,2747400
2014-12-23,Neutral,76.830002,77.510002,76.199997,76.900002,69.331856,1923200
2014-12-24,Positive,76.800003,78.660004,76.709999,78.379997,70.666199,1414700
2014-12-26,Positive,78.480003,79.849998,78.25,79.279999,71.477638,3526600
2014-12-29,Negative,79.239998,80.889999,79.239998,80.230003,72.334137,2761400
2014-12-30,Positive,79.949997,80.129997,78.029999,78.300003,70.594086,1990200
2014-12-31,Neutral,78.370003,78.510002,76.800003,76.900002,69.331856,2080800
2015-01-02,Negative,77.260002,77.599998,76.529999,77.489998,69.8638,2210200
2015-01-05,Negative,77.279999,77.599998,76.300003,76.550003,69.016312,2779200
2015-01-06,Neutral,76.790001,77.940002,76.029999,76.160004,68.664696,3290000
2015-01-07,Negative,76.370003,77.010002,75.720001,76.470001,68.944183,2908100
2015-01-08,Positive,77.059998,77.739998,76.879997,77.370003,69.755615,2164100
2015-01-09,Positive,77.550003,77.68,76.209999,76.5,68.971237,1815100
2015-01-12,Neutral,76.760002,76.900002,75.730003,76.5,68.971237,2177300
2015-01-13,Neutral,77.230003,77.720001,75.870003,76.440002,68.917137,2347000
2015-01-14,Positive,76.269997,76.949997,75.330002,76.449997,68.926147,3647800
2015-01-15,Neutral,76.529999,77.379997,76.019997,77.169998,69.575294,2655100
2015-01-16,Neutral,77.220001,77.809998,76.830002,77.760002,70.107231,2559400
2015-01-20,Neutral,78.0,78.389999,77.300003,78.370003,70.657204,1912500
2015-01-21,Negative,78.0,79.43,77.470001,79.269997,71.46862,2466000
2015-01-23,Positive,78.959999,79.540001,78.419998,79.089996,71.306343,1507300
2015-01-26,Neutral,78.760002,79.089996,77.980003,78.93,71.162079,1617500
2015-01-27,Negative,78.730003,79.400002,78.260002,78.980003,71.207169,1523500
2015-01-28,Neutral,79.0,79.889999,77.699997,77.849998,70.188377,2090400
2015-01-29,Negative,77.949997,79.269997,77.349998,79.139999,71.351402,1887300
2015-01-30,Neutral,78.82,78.849998,76.82,76.889999,69.322845,2939700
2015-02-02,Neutral,77.18,78.040001,76.440002,77.720001,70.071167,2560800
2015-02-03,Negative,77.650002,78.879997,77.120003,78.580002,70.846535,3045700
2015-02-04,Negative,78.160004,78.849998,77.379997,77.629997,69.990013,2138300
2015-02-06,Positive,78.190002,78.309998,75.029999,75.709999,68.258965,3980900
2015-02-09,Negative,75.720001,78.150002,74.709999,75.230003,67.826225,4549300
2015-02-11,Negative,76.209999,76.489998,74.0,74.120003,66.825478,4040700
2015-02-12,Neutral,74.269997,74.599998,73.360001,73.720001,66.464821,5422100
2015-02-13,Positive,73.830002,73.830002,72.120003,72.910004,65.734535,4098100
2015-02-17,Positive,72.849998,73.639999,72.190002,73.18,65.977966,4604800
2015-02-20,Neutral,73.739998,74.029999,73.029999,73.989998,66.708244,3342600
2015-02-23,Neutral,73.970001,74.300003,73.470001,73.900002,66.627113,1660200
2015-02-24,Negative,73.849998,74.730003,73.510002,74.059998,66.771362,2217400
2015-02-25,Neutral,73.720001,73.839996,72.589996,72.709999,66.132866,2381500
2015-03-02,Neutral,72.089996,72.089996,69.900002,70.32,63.959057,4422800
2015-03-04,Positive,70.559998,70.82,70.360001,70.610001,64.222832,2640200
2015-03-05,Positive,70.830002,71.739998,70.639999,71.18,64.741272,3371300
2015-03-06,Neutral,70.150002,70.169998,69.190002,69.580002,63.286007,4783400
2015-03-10,Positive,69.419998,70.220001,69.230003,69.260002,62.994942,5119900
2015-03-11,Negative,69.510002,69.870003,68.739998,68.75,62.53109,3759500
2015-03-12,Negative,69.199997,70.110001,69.059998,69.82,63.504288,3042600
2015-03-13,Positive,69.830002,69.839996,68.25,68.959999,62.722084,2858100
2015-03-16,Neutral,69.230003,70.389999,69.029999,69.980003,63.649822,2621800
2015-03-18,Positive,69.879997,72.309998,69.580002,71.919998,65.41433,3216700
2015-03-19,Positive,71.800003,72.620003,71.239998,71.599998,65.12326,2562000
2015-03-20,Negative,71.809998,72.550003,71.660004,72.190002,65.659882,4294100
2015-03-23,Positive,72.040001,72.550003,71.919998,72.199997,65.668999,2383700
2015-03-24,Neutral,72.0,72.519997,71.300003,71.459999,64.995949,2376800
2015-03-26,Positive,70.599998,71.050003,70.080002,70.360001,63.995434,2370900
2015-03-27,Positive,70.440002,70.870003,70.169998,70.389999,64.02272,1962100
2015-03-30,Negative,70.57,71.400002,70.279999,71.139999,64.704887,1427500
2015-03-31,Positive,71.010002,71.540001,70.330002,70.870003,64.459312,2479600
2015-04-01,Positive,71.110001,71.790001,70.129997,71.510002,65.041412,2596700
2015-04-02,Positive,71.610001,71.830002,71.230003,71.580002,65.105087,1784200
2015-04-06,Negative,71.68,73.0,71.68,72.709999,66.132866,2330000
2015-04-07,Negative,72.709999,72.849998,71.910004,71.949997,65.44162,1852900
2015-04-08,Neutral,71.919998,72.040001,71.410004,71.75,65.259697,2027300
2015-04-09,Neutral,71.57,71.589996,70.809998,71.370003,64.91407,1545800
2015-04-10,Negative,71.449997,72.279999,71.260002,71.900002,65.396149,1175600
2015-04-13,Neutral,71.900002,72.0,71.019997,71.089996,64.659401,1360800
2015-04-14,Negative,71.139999,71.800003,71.029999,71.629997,65.150551,1799600
2015-04-15,Positive,71.830002,72.559998,71.610001,72.419998,65.869102,2953200
2015-04-16,Negative,72.150002,72.169998,71.309998,71.800003,65.305191,2373200
2015-04-17,Positive,71.360001,72.0,71.269997,71.470001,65.005035,2942000
2015-04-20,Neutral,71.620003,73.440002,71.620003,72.75,66.16925,2332900
2015-04-21,Neutral,72.779999,73.209999,71.739998,72.089996,65.568939,3569200
2015-04-22,Positive,72.339996,72.669998,71.93,72.519997,65.96006,2774200
2015-04-27,Positive,73.68,73.900002,72.019997,72.57,66.005539,2022500
2015-04-28,Negative,72.199997,72.760002,71.57,72.739998,66.160149,2206900
2015-05-01,Neutral,71.800003,72.089996,70.849998,71.699997,65.214226,2282600
2015-05-04,Positive,71.449997,72.57,71.449997,71.760002,65.268799,2210900
2015-05-05,Positive,71.650002,71.75,70.139999,70.82,64.413834,3344900
2015-05-06,Negative,70.830002,71.239998,70.07,70.709999,64.313782,3461700
2015-05-07,Neutral,71.019997,71.529999,70.790001,70.93,64.513878,2107900
2015-05-08,Neutral,71.739998,72.330002,71.580002,71.790001,65.296097,1927800
2015-05-12,Negative,70.559998,71.309998,70.269997,71.089996,64.659401,2253800
2015-05-15,Neutral,71.709999,72.379997,71.599998,72.190002,65.659882,1714100
2015-05-18,Positive,71.849998,72.419998,71.800003,72.260002,65.723579,1396700
2015-05-20,Negative,72.150002,72.419998,71.760002,71.889999,65.387039,2738100
2015-05-21,Positive,72.07,72.440002,71.660004,72.019997,65.50528,3154200
2015-05-22,Neutral,71.800003,72.120003,71.550003,71.970001,65.459801,1415300
2015-05-26,Neutral,71.82,71.989998,70.970001,71.510002,65.041412,2563900
2015-05-27,Negative,70.879997,71.059998,70.580002,70.830002,65.012054,2620000
2015-05-28,Neutral,70.800003,71.220001,70.580002,70.970001,65.140556,1899700
2015-05-29,Neutral,71.110001,71.129997,70.309998,70.519997,64.727509,3582000
2015-06-01,Positive,70.599998,70.910004,70.32,70.5,64.70916,1769100
2015-06-02,Negative,70.150002,70.18,68.839996,69.589996,63.873886,3020000
2015-06-03,Neutral,69.589996,69.68,68.029999,68.43,62.809181,3345300
2015-06-04,Neutral,68.260002,68.800003,67.769997,67.879997,62.304356,3238400
2015-06-08,Neutral,67.080002,67.370003,66.809998,66.93,61.432404,3405600
2015-06-09,Neutral,66.860001,67.139999,66.720001,66.830002,61.340595,2792700
2015-06-10,Negative,67.120003,67.199997,66.75,66.849998,61.358959,2968300
2015-06-11,Positive,67.300003,67.449997,66.900002,67.269997,61.744457,2135500
2015-06-12,Neutral,66.93,67.379997,66.760002,66.800003,61.313072,3758700
2015-06-15,Negative,66.769997,67.349998,66.599998,67.099998,61.588425,2489700
2015-06-16,Positive,66.959999,67.419998,66.68,67.370003,61.836243,1697900
2015-06-17,Positive,67.360001,68.150002,67.25,68.0,62.414497,2737200
2015-06-18,Neutral,68.019997,68.93,67.860001,68.849998,63.194687,3381700
2015-06-19,Negative,68.879997,69.139999,67.980003,68.050003,62.4604,3985500
2015-06-22,Positive,68.660004,68.730003,67.889999,68.260002,62.653145,2494900
2015-06-24,Neutral,67.5,67.849998,67.349998,67.650002,62.093246,3154000
2015-06-25,Neutral,67.620003,67.830002,67.040001,67.040001,61.533352,2670000
2015-06-26,Negative,67.0,67.360001,66.580002,67.269997,61.744457,1928400
2015-06-29,Neutral,67.199997,68.139999,67.190002,67.290001,61.762814,2939000
2015-06-30,Positive,67.489998,67.489998,66.519997,66.870003,61.377323,3367600
2015-07-01,Positive,67.190002,67.300003,66.650002,67.07,61.56089,2747400
2015-07-02,Positive,67.419998,68.050003,67.410004,67.900002,62.322723,2274400
2015-07-06,Negative,67.730003,68.099998,67.25,67.849998,62.276821,3191500
2015-07-07,Positive,68.269997,69.639999,68.080002,69.330002,63.635262,3035700
2015-07-09,Neutral,69.639999,69.75,68.349998,68.650002,63.011108,3031600
2015-07-10,Positive,68.82,69.489998,68.43,68.959999,63.295643,1849900
2015-07-13,Negative,69.0,69.43,68.559998,69.089996,63.414955,2154500
2015-07-14,Neutral,69.019997,69.43,68.900002,69.199997,63.515934,1746500
2015-07-15,Positive,69.029999,69.559998,68.809998,69.519997,63.809647,1607700
2015-07-16,Negative,69.580002,70.330002,69.440002,70.18,64.415428,2100200
2015-07-17,Positive,69.910004,70.190002,69.510002,69.650002,63.92897,2048800
2015-07-20,Neutral,69.559998,69.629997,68.900002,69.290001,63.598545,1237800
2015-07-21,Positive,69.120003,69.32,68.419998,68.769997,63.121246,2424400
2015-07-22,Neutral,68.699997,69.389999,68.650002,68.730003,63.084541,2236600
2015-07-23,Positive,68.529999,68.739998,67.580002,68.230003,62.625603,2395500
2015-07-24,Negative,68.209999,68.769997,67.980003,68.589996,62.956039,2364000
2015-07-27,Neutral,68.599998,69.510002,68.599998,69.139999,63.460861,2191200
2015-07-28,Neutral,69.080002,70.139999,68.839996,70.129997,64.369545,2792200
2015-07-29,Neutral,70.040001,70.720001,69.489998,70.650002,64.846832,2542300
2015-07-30,Negative,70.440002,71.18,70.080002,71.050003,65.213982,1569900
2015-07-31,Negative,71.580002,72.169998,71.5,71.699997,65.810593,2190500
2015-08-03,Positive,71.919998,72.230003,71.269997,71.720001,65.828949,1749300
2015-08-04,Negative,71.400002,71.580002,69.919998,70.25,64.479691,3071300
2015-08-05,Positive,70.260002,71.690002,70.129997,71.160004,65.314949,2353600
2015-08-06,Positive,71.300003,71.349998,70.190002,71.330002,65.470963,2158800
2015-08-07,Positive,71.209999,72.760002,70.910004,72.339996,66.39801,1934100
2015-08-10,Negative,72.410004,72.720001,72.040001,72.349998,66.407188,1535600
2015-08-11,Neutral,72.220001,73.110001,71.949997,72.68,66.710098,1902700
2015-08-12,Neutral,72.559998,74.529999,72.440002,74.489998,68.371399,3378500
2015-08-13,Negative,74.110001,75.0,73.57,74.93,68.775276,3018100
2015-08-14,Neutral,74.519997,75.43,74.18,75.370003,69.179131,1730100
2015-08-17,Negative,75.5,76.480003,75.230003,76.220001,69.959312,2882700
2015-08-18,Positive,76.059998,76.400002,75.809998,76.089996,69.839996,1795400
2015-08-19,Positive,75.709999,76.519997,75.540001,76.139999,69.88588,2018100
2015-08-20,Neutral,75.720001,76.589996,75.400002,75.720001,69.500381,4340200
2015-08-21,Positive,75.410004,75.82,74.93,75.400002,69.206665,6976200
2015-08-24,Positive,73.75,75.0,72.029999,72.360001,66.416367,6395900
2015-08-25,Positive,73.519997,73.730003,70.110001,70.230003,64.461327,5231300
2015-08-26,Negative,70.379997,70.800003,68.830002,70.620003,65.422935,3872900
2015-08-27,Positive,70.959999,71.300003,70.239998,71.209999,65.969521,3314300
2015-08-28,Negative,71.169998,71.330002,70.120003,71.029999,65.802765,2427200
2015-08-31,Neutral,70.889999,70.889999,69.309998,69.75,64.616959,3333600
2015-09-01,Positive,68.879997,69.269997,67.349998,67.800003,62.810463,2851100
2015-09-02,Negative,68.470001,68.510002,67.43,68.089996,63.079124,2655100
2015-09-03,Positive,68.339996,68.629997,67.800003,68.089996,63.079124,3032000
2015-09-04,Neutral,67.690002,68.0,66.900002,67.230003,62.282417,2843000
2015-09-08,Positive,67.940002,68.760002,67.889999,68.720001,63.662762,3519000
2015-09-09,Negative,69.029999,69.309998,67.959999,68.080002,63.069862,2770900
2015-09-10,Neutral,67.989998,68.269997,67.110001,67.269997,62.319477,2461700
2015-09-11,Negative,67.139999,67.769997,66.959999,67.760002,62.773422,2184900
2015-09-14,Positive,67.889999,68.370003,67.660004,68.110001,63.097652,2242000
2015-09-15,Positive,68.190002,68.330002,67.639999,68.080002,63.069862,1866500
2015-09-16,Positive,68.25,68.980003,68.059998,68.75,63.690559,2114900
2015-09-21,Negative,69.169998,69.599998,68.870003,69.32,64.218613,2209300
2015-09-22,Neutral,69.0,69.459999,68.75,69.080002,63.996273,2504600
2015-09-23,Neutral,69.040001,69.370003,68.870003,69.220001,64.125977,1738400
2015-09-24,Positive,68.849998,69.559998,68.760002,69.419998,64.311241,2148100
2015-09-25,Neutral,69.480003,70.690002,69.260002,70.059998,64.904144,2409800
2015-09-28,Negative,69.940002,70.389999,69.349998,69.43,64.320511,2864100
2015-09-29,Neutral,69.459999,69.730003,68.970001,69.290001,64.190819,2524900
2015-09-30,Positive,69.510002,70.470001,69.379997,70.379997,65.200607,2741000
2015-10-01,Negative,70.449997,70.580002,68.900002,69.160004,64.070381,3175100
2015-10-02,Negative,69.510002,69.760002,68.459999,69.349998,64.246399,3864800
2015-10-05,Positive,69.589996,70.339996,69.239998,70.32,65.14502,2881900
2015-10-06,Neutral,70.169998,70.32,69.449997,69.779999,64.644753,2389900
2015-10-07,Negative,69.870003,70.019997,69.43,69.779999,64.644753,1744700
2015-10-08,Neutral,69.57,70.839996,69.440002,70.709999,65.50631,1935100
2015-10-09,Neutral,70.800003,71.150002,70.459999,71.019997,65.793503,2543800
2015-10-12,Neutral,71.040001,72.080002,71.0,72.0,66.701385,1839900
2015-10-13,Negative,71.739998,72.089996,71.440002,71.900002,66.608757,1676100
2015-10-14,Negative,71.919998,72.349998,71.709999,72.089996,66.78476,1851800
2015-10-15,Neutral,72.419998,72.949997,71.75,72.800003,67.44252,2241500
2015-10-16,Negative,73.139999,73.459999,72.800003,73.139999,67.757484,2018900
2015-10-19,Neutral,73.059998,73.400002,72.43,73.370003,67.970566,1898600
2015-10-20,Positive,73.139999,73.779999,73.059998,73.690002,68.267006,2295400
2015-10-21,Negative,73.919998,74.349998,73.519997,73.919998,68.48008,2358200
2015-10-22,Negative,74.029999,74.879997,73.769997,74.489998,69.008133,2089900
2015-10-23,Negative,74.330002,74.470001,73.010002,73.080002,67.701904,2154700
2015-10-26,Neutral,73.269997,73.400002,72.230003,72.839996,67.479561,2048400
2015-10-27,Neutral,72.690002,73.169998,72.169998,72.360001,67.034889,2262900
2015-10-28,Neutral,72.470001,72.739998,70.739998,71.519997,66.256691,2160600
2015-10-29,Positive,71.239998,71.330002,70.0,70.879997,65.663795,2861100
2015-10-30,Neutral,71.07,71.68,70.690002,71.43,66.173325,2937600
2015-11-02,Positive,71.059998,71.790001,70.010002,70.730003,65.524849,3052600
2015-11-03,Neutral,70.690002,71.410004,70.309998,70.709999,65.50631,2710500
2015-11-04,Negative,70.650002,71.279999,70.410004,70.57,65.376625,2375300
2015-11-05,Positive,70.379997,70.919998,70.18,70.239998,65.070892,1595400
2015-11-06,Positive,69.470001,69.660004,67.580002,67.849998,62.856796,2883200
2015-11-09,Negative,67.550003,68.190002,67.269997,67.730003,62.745625,2458900
2015-11-10,Neutral,67.800003,68.32,67.629997,67.800003,62.810463,2067000
2015-11-11,Negative,67.879997,68.410004,67.790001,68.309998,63.282936,1529400
2015-11-12,Positive,68.040001,68.669998,67.599998,67.910004,62.912376,2380600
2015-11-13,Neutral,67.949997,68.589996,67.910004,68.199997,63.181023,2739100
2015-11-16,Positive,68.059998,69.290001,68.019997,69.260002,64.163017,2454700
2015-11-17,Positive,69.209999,69.980003,68.129997,68.300003,63.273674,2017800
2015-11-18,Positive,68.260002,68.580002,67.459999,68.480003,63.440426,2119200
2015-11-19,Positive,68.699997,69.230003,68.480003,68.82,63.755413,1743600
2015-11-20,Neutral,69.059998,69.620003,68.660004,69.0,63.922153,2918200
2015-11-23,Positive,68.309998,68.599998,67.5,67.580002,63.200188,2079100
2015-11-24,Neutral,67.379997,67.620003,66.849998,67.480003,63.106674,1997900
2015-11-25,Negative,67.410004,67.589996,67.010002,67.220001,62.863518,1364600
2015-11-30,Neutral,67.400002,67.830002,67.290001,67.370003,63.003807,2550000
2015-12-01,Neutral,67.870003,68.040001,66.760002,67.410004,63.041214,2284800
2015-12-02,Positive,67.279999,67.360001,66.050003,66.139999,61.853512,2609200
2015-12-03,Positive,65.959999,66.029999,65.040001,65.169998,60.946381,2918600
2015-12-04,Positive,65.540001,66.690002,65.440002,66.599998,62.283703,2827400
2015-12-07,Positive,66.360001,66.599998,66.010002,66.139999,61.853512,2880900
2015-12-08,Neutral,66.0,66.18,65.160004,65.910004,61.638428,2956900
2015-12-09,Negative,65.650002,66.720001,65.400002,66.190002,61.900276,2855200
2015-12-10,Neutral,66.129997,66.239998,65.139999,65.199997,60.974434,1958900
2015-12-11,Negative,64.919998,65.440002,64.540001,64.889999,60.684528,2105200
2015-12-14,Negative,64.809998,65.440002,64.550003,65.400002,61.161476,2633100
2015-12-15,Neutral,65.599998,66.690002,65.419998,66.150002,61.862869,2284400
2015-12-21,Positive,67.379997,67.440002,66.18,66.559998,62.246288,2448800
2015-12-22,Neutral,66.870003,67.230003,66.160004,67.139999,62.788704,1935800
2015-12-23,Positive,67.199997,68.139999,67.199997,68.080002,63.667789,2334700
2015-12-24,Negative,67.959999,68.040001,67.650002,67.769997,63.377869,738400
2015-12-28,Negative,67.660004,68.0,67.419998,67.860001,63.462048,1807900
2015-12-29,Negative,68.010002,68.870003,67.949997,68.639999,64.19149,1960500
2015-12-30,Negative,68.540001,68.919998,68.349998,68.68,64.228897,1634900
2015-12-31,Positive,68.559998,68.599998,67.019997,67.639999,63.256313,2116100
