date,movement_percent,open_price,high_price,low_price,close_price,volume,Sentiment
2015-12-31,-0.012903,0.024912,0.028527,0.014066,-0.214147,46594300.000000,Negative
2015-12-30,-0.013310,0.022566,0.024944,0.013054,-0.223885,35066400.000000,Negative
2015-12-29,0.008757,0.034519,0.040516,0.029121,0.146014,45670400.000000,Neutral
2015-12-28,-0.008107,0.024347,0.024942,0.010071,-0.136282,41777500.000000,Neutral
2015-12-24,-0.004037,0.026137,0.029692,0.020212,-0.068137,29369400.000000,Neutral
2015-12-23,0.015222,0.032134,0.042960,0.028525,0.253083,65770700.000000,Neutral
2015-12-22,0.006482,0.032165,0.035797,0.020057,0.107078,56173500.000000,Positive
2015-12-21,0.012530,0.040807,0.043872,0.027935,0.204411,65150300.000000,Positive
2015-12-18,-0.031214,0.020790,0.025541,-0.004745,-0.525633,136737800.000000,Missing
2015-12-17,-0.025352,0.030216,0.031952,0.001277,-0.438036,97265700.000000,Missing
2015-12-16,0.018944,0.040886,0.048552,0.016117,0.321224,171576700.000000,Missing
2015-12-15,0.036905,0.040775,0.069516,0.038941,0.603514,99737200.000000,Missing
2015-12-14,0.004184,0.029164,0.037147,0.013199,0.068136,121121200.000000,Neutral
2015-12-11,-0.027326,0.013584,0.018960,-0.006126,-0.457500,91503900.000000,Positive
2015-12-10,0.005848,0.030326,0.045946,0.018911,0.097341,68304000.000000,Neutral
2015-12-09,-0.005236,0.022541,0.038677,0.008198,-0.087606,82418100.000000,Negative
2015-12-08,-0.019954,0.018536,0.022636,0.003308,-0.340693,84873500.000000,Positive
2015-12-07,-0.014607,0.026745,0.027322,0.006545,-0.253084,81633300.000000,Missing
2015-12-04,0.028902,0.035636,0.058795,0.032073,0.486704,103021700.000000,Negative
2015-12-03,-0.018161,0.030820,0.036068,0.005749,-0.311493,95810100.000000,Neutral
2015-12-02,-0.007883,0.034263,0.034842,0.015175,-0.136272,76919000.000000,Neutral
2015-12-01,0.021801,0.035534,0.052674,0.033169,0.368852,74351800.000000,Neutral
2015-11-30,-0.002860,0.030214,0.036108,0.026678,-0.048532,61893700.000000,Missing
2015-11-27,0.002294,0.031396,0.033759,0.023716,0.038826,22937500.000000,Missing
2015-11-25,-0.001717,0.032573,0.036111,0.026676,-0.029120,34939000.000000,Neutral
2015-11-24,0.000000,0.017830,0.036111,0.017241,0.000000,58724200.000000,Neutral
2015-11-23,-0.010198,0.028463,0.034884,0.019124,-0.174722,50362900.000000,Negative
2015-11-20,-0.002261,0.037202,0.038367,0.024390,-0.038828,56288300.000000,Neutral
2015-11-19,-0.008408,0.026749,0.030792,0.017510,-0.145598,51829700.000000,Positive
2015-11-18,0.024110,0.030806,0.056827,0.030806,0.407681,85708300.000000,Positive
2015-11-17,-0.000574,0.034352,0.040262,0.024895,-0.009707,70488600.000000,Neutral
2015-11-16,0.013372,0.026021,0.045787,0.018834,0.223255,70384300.000000,Neutral
2015-11-13,-0.009787,0.015980,0.026655,0.013607,-0.165016,103574900.000000,Neutral
2015-11-12,-0.021408,0.020347,0.023249,0.006998,-0.368852,77850900.000000,Neutral
2015-11-11,-0.005602,0.038295,0.038295,0.020403,-0.097065,59235000.000000,Negative
2015-11-10,0.009615,0.027300,0.045364,0.023222,0.165008,59905800.000000,Neutral
2015-11-09,-0.015042,0.034806,0.037675,0.007831,-0.262079,129920700.000000,Missing
2015-11-06,0.036973,0.061758,0.076637,0.056996,0.621233,158037500.000000,Neutral
2015-11-05,0.017637,0.031426,0.052018,0.031426,0.291199,85505500.000000,Missing
2015-11-04,-0.009895,0.037410,0.038010,0.017022,-0.165015,78728400.000000,Neutral
2015-11-03,0.007034,0.027195,0.042292,0.025987,0.116480,66127100.000000,Positive
2015-11-02,0.016687,0.037582,0.052317,0.035740,0.271792,56948200.000000,Negative
2015-10-30,-0.018139,0.035640,0.035640,0.010321,-0.300909,87645800.000000,Neutral
2015-10-29,-0.010996,0.023060,0.039753,0.011732,-0.184430,95542300.000000,Negative
2015-10-28,0.053658,0.033355,0.087378,0.033355,0.854187,147720100.000000,Positive
2015-10-27,-0.006662,0.023350,0.027718,0.017110,-0.106771,56159300.000000,Negative
2015-10-26,-0.000605,0.030214,0.032085,0.018989,-0.009705,67702800.000000,Neutral
2015-10-23,0.022277,0.038502,0.055077,0.035952,0.349443,82285800.000000,Neutral
2015-10-22,0.016352,0.036694,0.049652,0.036694,0.252375,74116600.000000,Positive
2015-10-21,-0.018519,0.034030,0.035938,0.011136,-0.291204,64440400.000000,Positive
2015-10-20,0.003718,0.031491,0.039789,0.027661,0.058242,50692600.000000,Positive
2015-10-19,0.001241,0.022545,0.035966,0.021267,0.019413,62953500.000000,Neutral
2015-10-16,-0.004324,0.036578,0.036578,0.020033,-0.067947,66989500.000000,Neutral
2015-10-15,0.035166,0.041412,0.072371,0.035484,0.533870,127028800.000000,Negative
2015-10-14,0.007732,0.046809,0.056766,0.032206,0.116480,122272400.000000,Positive
2015-10-13,0.000000,0.025568,0.034861,0.022249,0.000000,73689800.000000,Positive
2015-10-12,-0.003851,0.031537,0.032859,0.020296,-0.058240,50725800.000000,Negative
2015-10-09,-0.010794,0.030214,0.034793,0.013862,-0.165014,76667100.000000,Positive
2015-10-08,0.000000,0.028252,0.032177,0.014516,0.000000,79056900.000000,Neutral
2015-10-07,0.003824,0.036124,0.045973,0.022335,0.058241,66655600.000000,Positive
2015-10-06,0.000000,0.029558,0.038750,0.022335,0.000000,67473700.000000,Missing
2015-10-05,0.020156,0.034903,0.057678,0.034233,0.300908,75315300.000000,Neutral
2015-10-02,-0.010932,-0.000924,0.018952,-0.030737,-0.165014,181838400.000000,Negative
2015-10-01,-0.001926,0.026247,0.034182,0.015667,-0.029121,71516800.000000,Neutral
2015-09-30,0.014984,0.043637,0.046993,0.028201,0.223254,71347100.000000,Positive
2015-09-29,-0.007757,0.032212,0.034210,0.015563,-0.116480,79829400.000000,Neutral
2015-09-28,-0.026432,0.023731,0.025676,-0.002851,-0.407684,91324300.000000,Negative
2015-09-25,0.021865,0.052077,0.061353,0.047440,0.330031,88655000.000000,Neutral
2015-09-24,-0.010814,0.018418,0.023661,0.009243,-0.165017,99520100.000000,Neutral
2015-09-23,0.009634,0.032199,0.048741,0.030876,0.145602,78117500.000000,Negative
2015-09-22,-0.008280,0.016434,0.022340,0.013810,-0.126187,92235200.000000,Neutral
2015-09-21,0.008997,0.037497,0.042794,0.030876,0.135893,79096200.000000,Positive
2015-09-18,-0.018915,0.018522,0.020471,0.006830,-0.291200,136531200.000000,Missing
2015-09-17,-0.028781,0.027691,0.039677,-0.004484,-0.456216,119088200.000000,Missing
2015-09-16,0.001226,0.032741,0.035267,0.016318,0.019415,83776400.000000,Neutral
2015-09-15,0.021930,0.035378,0.057971,0.033442,0.339735,62327100.000000,Neutral
2015-09-14,-0.004988,0.025718,0.032141,0.021222,-0.077656,50640900.000000,Neutral
2015-09-11,0.000000,0.027003,0.031499,0.021222,0.000000,54287700.000000,Negative
2015-09-10,0.008805,0.028271,0.043821,0.024383,0.135896,71110200.000000,Negative
2015-09-09,-0.016089,0.043602,0.049339,0.009176,-0.252375,70466100.000000,Neutral
2015-09-08,0.032588,0.050621,0.063787,0.046671,0.495043,73960200.000000,Negative
2015-09-04,-0.018193,0.020520,0.025044,0.001777,-0.281495,104539500.000000,Negative
2015-09-03,0.005678,0.038014,0.052313,0.031514,0.087359,77175800.000000,Missing
2015-09-02,0.020605,0.049452,0.052106,0.032868,0.310617,74820400.000000,Neutral
2015-09-01,-0.046512,0.008863,0.015188,-0.022130,-0.735343,119064000.000000,Neutral
2015-08-31,-0.001223,0.031636,0.034794,0.022160,-0.019353,66695200.000000,Positive
2015-08-28,-0.004866,0.031016,0.033531,0.018443,-0.077408,75899300.000000,Missing
2015-08-27,0.023662,0.054124,0.058629,0.035462,0.367676,124185400.000000,Neutral
2015-08-26,0.052425,0.070782,0.087713,0.038949,0.774044,174208500.000000,Neutral
2015-08-25,-0.001962,0.095043,0.095043,0.030827,-0.029027,194377000.000000,Positive
2015-08-24,-0.050310,-0.035799,0.025828,-0.062761,-0.783720,214649500.000000,Positive
2015-08-21,-0.037081,0.001388,0.029822,-0.004794,-0.599887,148874300.000000,Neutral
2015-08-20,-0.042382,0.017549,0.018141,-0.010273,-0.715990,149185400.000000,Negative
2015-08-19,-0.013002,0.025352,0.033531,0.018925,-0.222538,78179100.000000,Negative
2015-08-18,-0.004502,0.030623,0.041092,0.026552,-0.077406,50360700.000000,Missing
2015-08-17,0.003955,0.028276,0.039954,0.025356,0.067726,42310000.000000,Negative
2015-08-14,0.004540,0.030598,0.038224,0.028839,0.077408,52710300.000000,Positive
2015-08-13,0.005708,0.035891,0.043560,0.028812,0.096754,67456200.000000,Negative
2015-08-12,-0.015177,0.023655,0.025397,-0.011203,-0.261242,141600100.000000,Neutral
2015-08-11,-0.013858,0.022646,0.029520,0.015198,-0.241888,65868600.000000,Neutral
2015-08-10,0.016338,0.040518,0.050999,0.039936,0.280592,65791200.000000,Positive
2015-08-07,-0.003369,0.039915,0.048619,0.021345,-0.058050,71020700.000000,Positive
2015-08-06,-0.003358,0.035844,0.039893,0.027747,-0.058056,47594700.000000,Positive
2015-08-05,0.003933,0.041079,0.048047,0.033531,0.067732,65228600.000000,Neutral
2015-08-04,0.001688,0.034694,0.042837,0.030041,0.029024,69741500.000000,Positive
2015-08-03,-0.006152,0.035265,0.038733,0.019658,-0.106430,62376800.000000,Neutral
2015-07-31,-0.013789,0.027831,0.029541,0.018139,-0.241888,67176900.000000,Neutral
2015-07-30,-0.001652,0.035808,0.040930,0.027271,-0.029030,65667900.000000,Negative
2015-07-29,0.015660,0.037577,0.052028,0.035843,0.270918,96388600.000000,Neutral
2015-07-28,0.011885,0.040550,0.046399,0.029437,0.203188,82166800.000000,Neutral
2015-07-27,-0.012849,0.019674,0.026602,0.010435,-0.222540,93231900.000000,Positive
2015-07-24,-0.015401,0.033531,0.036374,0.014202,-0.270914,86364300.000000,Negative
2015-07-23,-0.014634,0.030170,0.032411,0.012804,-0.261242,103650100.000000,Neutral
2015-07-22,0.020465,0.030673,0.056397,0.030673,0.357996,110327000.000000,Neutral
2015-07-21,-0.002208,0.032961,0.036383,0.027827,-0.038704,63732800.000000,Positive
2015-07-20,0.001105,0.036386,0.040954,0.032389,0.019354,71980100.000000,Negative
2015-07-17,0.008356,0.034107,0.045622,0.030076,0.145132,96894900.000000,Positive
2015-07-16,0.015272,0.046976,0.056330,0.044054,0.261242,117054300.000000,Negative
2015-07-15,0.032107,0.057665,0.076972,0.055252,0.532156,173099900.000000,Positive
2015-07-14,0.006463,0.028066,0.041425,0.023815,0.106430,69999800.000000,Positive
2015-07-13,0.019162,0.050241,0.055192,0.045909,0.309618,67934300.000000,Negative
2015-07-10,0.013350,0.053600,0.056108,0.044820,0.212866,72965300.000000,Neutral
2015-07-09,0.014154,0.051340,0.063424,0.046252,0.222537,80643800.000000,Positive
2015-07-08,-0.026363,0.016811,0.021765,0.004426,-0.425727,83033000.000000,Missing
2015-07-07,-0.014758,0.031091,0.032921,-0.003076,-0.241890,115450500.000000,Positive
2015-07-06,-0.005285,0.018359,0.032317,0.014111,-0.087078,58726900.000000,Positive
2015-07-02,-0.011034,0.029930,0.032931,0.013725,-0.183836,64736500.000000,Negative
2015-07-01,0.011751,0.047498,0.051141,0.037782,0.193510,62317400.000000,Negative
2015-06-30,0.007697,0.045158,0.048217,0.031083,0.125784,89039800.000000,Negative
2015-06-29,-0.029868,0.016909,0.024033,0.000881,-0.503132,98604200.000000,Positive
2015-06-26,0.002303,0.040076,0.042456,0.032341,0.038702,63080800.000000,Positive
2015-06-25,-0.006861,0.038258,0.041213,0.025258,-0.116108,59772200.000000,Negative
2015-06-24,-0.010187,0.025343,0.034701,0.020663,-0.174156,59079500.000000,Negative
2015-06-23,0.011448,0.038855,0.048321,0.038855,0.193510,63865700.000000,Missing
2015-06-22,0.017472,0.044968,0.055201,0.044366,0.290268,58477700.000000,Missing
2015-06-19,-0.012083,0.027585,0.034126,0.018070,-0.203186,83395400.000000,Positive
2015-06-18,0.000575,0.032341,0.035316,0.024606,0.009672,97599900.000000,Positive
2015-06-17,-0.010256,0.035887,0.036476,0.018808,-0.174158,88712100.000000,Positive
2015-06-16,0.004579,0.032939,0.038855,0.027615,0.077404,47291200.000000,Negative
2015-06-15,-0.001144,0.024076,0.034122,0.019349,-0.019354,68053400.000000,Negative
2015-06-12,0.000000,0.031167,0.038849,0.025849,0.000000,53149400.000000,Neutral
2015-06-11,-0.005685,0.035294,0.038819,0.024718,-0.096752,77191500.000000,Neutral
2015-06-10,0.016176,0.038308,0.052040,0.036517,0.270916,102643100.000000,Negative
2015-06-09,0.013466,0.031716,0.049869,0.028690,0.222538,82104900.000000,Neutral
2015-06-08,-0.006399,0.038341,0.041948,0.025114,-0.106434,69749600.000000,Neutral
2015-06-05,0.024434,0.049545,0.068639,0.045234,0.396700,119087400.000000,Missing
2015-06-04,-0.008860,0.029868,0.036583,0.020711,-0.145136,61025500.000000,Negative
2015-06-03,0.015597,0.033531,0.055231,0.033531,0.251568,89300800.000000,Neutral
2015-06-02,0.010272,0.034752,0.049785,0.033499,0.163993,65513200.000000,Neutral
2015-06-01,0.003030,0.041657,0.045427,0.034746,0.048231,62941600.000000,Positive
2015-05-29,-0.010198,0.036009,0.036631,0.024194,-0.163995,74266200.000000,Negative
2015-05-28,-0.004181,0.035393,0.036012,0.026723,-0.067520,60970000.000000,Positive
2015-05-27,0.014545,0.040400,0.052337,0.039144,0.231515,70026700.000000,Negative
2015-05-26,-0.014925,0.035393,0.035393,0.016827,-0.241165,100048200.000000,Negative
2015-05-22,0.001196,0.036011,0.040968,0.034772,0.019295,47032900.000000,Neutral
2015-05-21,-0.000597,0.034773,0.037250,0.025485,-0.009645,52056600.000000,Positive
2015-05-20,-0.001789,0.037249,0.041576,0.027977,-0.028944,67684000.000000,Positive
2015-05-19,0.015748,0.041654,0.053584,0.041026,0.250815,89115500.000000,Negative
2015-05-18,0.009786,0.034095,0.048678,0.034095,0.154346,51059900.000000,Neutral
2015-05-15,-0.010291,0.036631,0.036631,0.022826,-0.163993,54937800.000000,Negative
2015-05-14,0.003036,0.040408,0.044184,0.035372,0.048232,55395700.000000,Neutral
2015-05-13,0.002435,0.037262,0.042309,0.032214,0.038586,47330600.000000,Positive
2015-05-12,-0.003639,0.034745,0.036002,0.027830,-0.057879,59627100.000000,Positive
2015-05-11,0.002432,0.036631,0.045453,0.035371,0.038586,56246000.000000,Positive
2015-05-08,0.012931,0.041738,0.050674,0.035354,0.202582,86333700.000000,Positive
2015-05-07,-0.003070,0.032813,0.039176,0.023904,-0.048236,73794800.000000,Positive
2015-05-06,-0.003670,0.037265,0.045507,0.019512,-0.057878,96426500.000000,Positive
2015-05-05,-0.005475,0.035370,0.047351,0.029695,-0.086821,106148700.000000,Neutral
2015-05-04,0.020484,0.038561,0.058509,0.037274,0.318337,76592300.000000,Neutral
2015-05-01,0.011300,0.041186,0.050947,0.035980,0.173642,78171400.000000,Neutral
2015-04-30,-0.003129,0.037929,0.041172,0.024954,-0.048233,78313900.000000,Negative
2015-04-29,0.021086,0.033319,0.062464,0.031332,0.318338,134499400.000000,Missing
2015-04-28,0.005784,0.037963,0.046624,0.032634,0.086820,58080100.000000,Neutral
2015-04-27,-0.005115,0.035968,0.044585,0.031329,-0.077174,73523400.000000,Positive
2015-04-24,-0.003187,0.037953,0.040595,0.031346,-0.048231,40766100.000000,Missing
2015-04-23,-0.003177,0.035314,0.040583,0.032680,-0.048233,50292200.000000,Positive
2015-04-22,0.015484,0.039975,0.058701,0.035962,0.231516,73092800.000000,Negative
2015-04-21,-0.004496,0.038628,0.041292,0.027310,-0.067525,64033100.000000,Negative
2015-04-20,0.000643,0.040628,0.045292,0.036631,0.009647,53649400.000000,Positive
2015-04-17,-0.014566,0.031379,0.034005,0.017592,-0.221872,88994300.000000,Positive
2015-04-16,0.009591,0.036631,0.056515,0.032654,0.144698,105591000.000000,Positive
2015-04-15,-0.011378,0.028768,0.038597,0.021560,-0.173638,124479100.000000,Positive
2015-04-14,0.001266,0.041880,0.046472,0.030726,0.019292,84385400.000000,Neutral
2015-04-13,0.005089,0.040588,0.045863,0.037950,0.077174,49191200.000000,Neutral
2015-04-10,0.000637,0.035311,0.041910,0.029373,0.009648,43817700.000000,Negative
2015-04-09,0.006406,0.037959,0.046592,0.031318,0.096466,44935600.000000,Positive
2015-04-08,0.009702,0.039984,0.055406,0.039313,0.144700,71732500.000000,Missing
2015-04-07,-0.003224,0.037968,0.045988,0.032621,-0.048234,50057800.000000,Neutral
2015-04-06,-0.001931,0.026625,0.040633,0.023290,-0.028941,51189500.000000,Negative
2015-04-02,0.008436,0.037977,0.050758,0.037977,0.125408,50443500.000000,Neutral
2015-04-01,0.001299,0.038652,0.041346,0.027201,0.019291,73153900.000000,Negative
2015-03-31,-0.008376,0.035295,0.036631,0.027280,-0.125406,61381700.000000,Positive
2015-03-30,0.013717,0.044079,0.056944,0.042725,0.202579,70835300.000000,Neutral
2015-03-27,-0.007134,0.040665,0.041337,0.026547,-0.106113,73140800.000000,Positive
2015-03-26,0.000649,0.035286,0.045376,0.026541,0.009649,76741500.000000,Negative
2015-03-25,-0.012812,0.037959,0.039287,0.022685,-0.192933,88541500.000000,Neutral
2015-03-24,-0.006998,0.037290,0.041907,0.029377,-0.106114,77011000.000000,Positive
2015-03-23,-0.007576,0.035322,0.039249,0.028778,-0.115761,73773500.000000,Positive
2015-03-20,0.014734,0.042608,0.057882,0.038623,0.221875,99867700.000000,Neutral
2015-03-19,-0.023154,0.035334,0.035982,0.012629,-0.356926,109169200.000000,Negative
2015-03-18,-0.006837,0.031477,0.037275,0.025034,-0.106113,86387600.000000,Negative
2015-03-17,-0.002480,0.032775,0.035989,0.025706,-0.038586,67315000.000000,Neutral
2015-03-16,0.002486,0.037920,0.045007,0.021169,0.038586,63406500.000000,Neutral
2015-03-13,0.000000,0.035987,0.040497,0.026967,0.000000,88581900.000000,Negative
2015-03-12,-0.001242,0.032770,0.043066,0.023118,-0.019296,126376300.000000,Negative
2015-03-11,0.020266,0.045166,0.060922,0.041883,0.308695,85910100.000000,Negative
2015-03-10,-0.023500,0.028297,0.034067,0.012270,-0.366572,85633600.000000,Neutral
2015-03-09,-0.003082,0.042383,0.043661,0.030240,-0.048230,72912700.000000,Neutral
2015-03-06,0.013750,0.036631,0.076801,0.036631,0.212222,163207200.000000,Negative
2015-03-05,0.010101,0.041866,0.049065,0.030741,0.154345,69510000.000000,Negative
2015-03-04,-0.009381,0.034686,0.035983,0.021720,-0.144699,78441600.000000,Negative
2015-03-03,0.001874,0.041172,0.048966,0.036625,0.028851,65689800.000000,Positive
2015-03-02,0.012650,0.038557,0.054343,0.033953,0.192329,71402400.000000,Neutral
2015-02-27,-0.014339,0.023017,0.029500,0.012644,-0.221180,130448200.000000,Negative
2015-02-26,-0.027289,0.035458,0.036719,0.002666,-0.432748,161100700.000000,Positive
2015-02-25,0.006716,0.039238,0.047491,0.036063,0.105784,57201000.000000,Positive
2015-02-24,0.011111,0.044366,0.062339,0.043082,0.173097,74109600.000000,Negative
2015-02-23,-0.010989,0.036063,0.036063,0.022097,-0.173097,87623700.000000,Missing
2015-02-20,0.010488,0.035382,0.053986,0.027043,0.163484,89763600.000000,Neutral
2015-02-19,-0.005522,0.034131,0.044976,0.025837,-0.086550,83604300.000000,Positive
2015-02-18,-0.019844,0.034870,0.035495,0.015486,-0.317348,84057400.000000,Positive
2015-02-17,0.001204,0.034238,0.044255,0.024847,0.019235,93350600.000000,Positive
2015-02-13,-0.003599,0.043615,0.047358,0.031763,-0.057700,93632700.000000,Negative
2015-02-12,0.018949,0.043051,0.063390,0.040508,0.298114,116394100.000000,Positive
2015-02-11,-0.003654,0.034173,0.041772,0.026573,-0.057701,99924400.000000,Positive
2015-02-10,0.004281,0.053228,0.057045,0.039872,0.067315,100322800.000000,Positive
2015-02-09,-0.008490,0.031044,0.040503,0.024738,-0.134633,95532900.000000,Missing
2015-02-06,0.032561,0.061360,0.090661,0.056151,0.500063,160832300.000000,Positive
2015-02-05,0.011400,0.052385,0.059629,0.047117,0.173100,92264700.000000,Negative
2015-02-04,-0.006293,0.033328,0.047071,0.030711,-0.096168,83848100.000000,Positive
2015-02-03,0.027814,0.050635,0.071486,0.049962,0.413515,105159400.000000,Negative
2015-02-02,0.020462,0.048109,0.063210,0.037814,0.298115,101586700.000000,Negative
2015-01-30,-0.018147,0.026394,0.042568,0.021002,-0.269267,99844600.000000,Negative
2015-01-29,0.015132,0.047398,0.059712,0.039873,0.221182,76095800.000000,Neutral
2015-01-28,-0.027511,0.045860,0.046526,0.009934,-0.413513,105359800.000000,Positive
2015-01-27,-0.013880,0.020191,0.035936,0.015598,-0.211562,86184200.000000,Neutral
2015-01-26,0.007629,0.039212,0.053094,0.037889,0.115398,69969300.000000,Negative
2015-01-23,-0.022374,0.036641,0.046335,0.016606,-0.346198,103376900.000000,Neutral
2015-01-22,0.044127,0.049320,0.092507,0.041222,0.653929,183042100.000000,Positive
2015-01-21,0.009829,0.041235,0.060997,0.032377,0.144246,101054200.000000,Positive
2015-01-20,-0.007802,0.054071,0.056775,0.027702,-0.115399,123402800.000000,Neutral
2015-01-16,0.011842,0.037136,0.053555,0.024138,0.173099,149802000.000000,Negative
2015-01-15,-0.052369,0.010699,0.021720,-0.017826,-0.807792,193241300.000000,Negative
2015-01-14,-0.024924,0.011426,0.025333,-0.003113,-0.394278,163737300.000000,Neutral
2015-01-13,-0.013789,0.048600,0.052964,0.017429,-0.221182,100845400.000000,Positive
2015-01-12,-0.017668,0.042322,0.042935,0.020275,-0.288496,92762500.000000,Neutral
2015-01-09,-0.017930,0.045285,0.045285,0.019424,-0.298115,84144600.000000,Positive
2015-01-08,0.020661,0.053377,0.064427,0.049694,0.336578,73388500.000000,Missing
2015-01-07,0.004745,0.057142,0.059609,0.040489,0.076935,104603800.000000,Neutral
2015-01-06,-0.029919,0.042266,0.043463,0.003974,-0.500059,144912400.000000,Negative
2015-01-05,-0.029050,0.033482,0.034644,0.004435,-0.500065,105605500.000000,Neutral
2015-01-02,0.000559,0.045685,0.048010,0.027666,0.009617,48951100.000000,Neutral
2014-12-31,-0.013238,0.043314,0.044461,0.026107,-0.230799,57819600.000000,Neutral
2014-12-30,0.001104,0.035853,0.043892,0.034130,0.019234,41433500.000000,Neutral
2014-12-29,0.007230,0.039294,0.052018,0.035824,0.125015,58370900.000000,Negative
2014-12-26,0.000000,0.042186,0.043921,0.038137,0.000000,34362500.000000,Neutral
2014-12-24,0.002789,0.042192,0.049732,0.039292,0.048083,35091300.000000,Missing
2014-12-23,0.012423,0.046919,0.056313,0.043983,0.211567,94405200.000000,Negative
2014-12-22,0.005108,0.041643,0.046364,0.035741,0.086546,70969300.000000,Neutral
2014-12-19,0.005134,0.037499,0.049957,0.037499,0.086547,105588200.000000,Neutral
2014-12-18,0.015643,0.052524,0.056139,0.044692,0.259652,79334000.000000,Positive
2014-12-17,0.032297,0.049202,0.074079,0.046092,0.519294,92164100.000000,Positive
2014-12-16,-0.007715,0.033084,0.060855,0.023827,-0.125017,96112000.000000,Negative
2014-12-15,-0.016345,0.050192,0.050799,0.017412,-0.269260,101305300.000000,Neutral
2014-12-12,-0.019462,0.039872,0.039872,0.019634,-0.326969,88886700.000000,Missing
2014-12-11,0.005179,0.043463,0.056027,0.043463,0.086555,80173200.000000,Negative
2014-12-10,-0.010251,0.035135,0.046979,0.028621,-0.173098,103611100.000000,Positive
2014-12-09,-0.005663,0.011609,0.035751,0.011020,-0.096166,95939400.000000,Negative
2014-12-08,-0.001131,0.038696,0.051048,0.029874,-0.019234,101035100.000000,Positive
2014-12-05,0.027310,0.051957,0.070084,0.048332,0.451977,131824000.000000,Negative
2014-12-04,-0.004627,0.036865,0.042880,0.030250,-0.076933,49412800.000000,Negative
2014-12-03,0.011111,0.039873,0.052035,0.037440,0.182716,70104200.000000,Positive
2014-12-02,0.021441,0.047882,0.065274,0.047261,0.345185,62945200.000000,Positive
2014-12-01,-0.014671,0.035568,0.036793,0.023940,-0.239714,61173100.000000,Positive
2014-11-28,-0.004091,0.040475,0.045351,0.038037,-0.067116,27834900.000000,Missing
2014-11-26,0.000585,0.044133,0.045963,0.039254,0.009587,27310300.000000,Neutral
2014-11-25,-0.004657,0.045948,0.047769,0.036842,-0.076710,44786300.000000,Neutral
2014-11-24,0.003505,0.045350,0.052660,0.040476,0.057531,52785700.000000,Positive
2014-11-21,0.007059,0.052115,0.054569,0.046594,0.115061,63000000.000000,Missing
2014-11-20,-0.003517,0.036800,0.039857,0.028853,-0.057526,49652100.000000,Missing
2014-11-19,-0.004668,0.043521,0.043521,0.035003,-0.076711,49441600.000000,Missing
2014-11-18,0.002926,0.041693,0.050846,0.041082,0.047945,39490700.000000,Missing
2014-11-17,-0.002917,0.038045,0.042913,0.032569,-0.047945,43393300.000000,Missing
2014-11-14,-0.004646,0.039885,0.044730,0.035645,-0.076706,41144600.000000,Missing
2014-11-13,-0.004049,0.042913,0.043516,0.032659,-0.067124,50586300.000000,Missing
2014-11-12,-0.001732,0.038096,0.041709,0.027860,-0.028762,48669100.000000,Missing
2014-11-11,-0.002879,0.042913,0.048317,0.038710,-0.047944,62236000.000000,Missing
2014-11-10,0.000576,0.042913,0.045316,0.039308,0.009589,54261100.000000,Missing
2014-11-07,0.000000,0.039909,0.044115,0.034502,0.000000,53907800.000000,Positive
2014-11-06,0.001154,0.042913,0.046522,0.039305,0.019180,57339200.000000,Positive
2014-11-05,0.007554,0.049579,0.052609,0.042913,0.124649,58608200.000000,Missing
2014-11-04,-0.003474,0.039894,0.044725,0.027816,-0.057531,53515400.000000,Negative
2014-11-03,0.006410,0.044129,0.054460,0.039266,0.105472,64050700.000000,Neutral
2014-10-31,0.007634,0.051487,0.054549,0.047200,0.124653,82788900.000000,Neutral
2014-10-30,0.002355,0.041072,0.050893,0.033706,0.038357,72579100.000000,Neutral
2014-10-29,0.011309,0.041051,0.056570,0.037326,0.182178,99875700.000000,Positive
2014-10-28,0.012658,0.044799,0.056115,0.044170,0.201360,71850800.000000,Negative
2014-10-27,-0.007775,0.040418,0.041042,0.029190,-0.124654,51500000.000000,Neutral
2014-10-24,0.007229,0.044798,0.050452,0.040400,0.115062,41951400.000000,Missing
2014-10-23,0.012195,0.054360,0.063899,0.050544,0.191775,68436600.000000,Missing
2014-10-22,-0.012048,0.042285,0.049196,0.028463,-0.191775,85199800.000000,Neutral
2014-10-21,0.020910,0.053817,0.065362,0.046120,0.326012,78287300.000000,Positive
2014-10-20,0.003085,0.042270,0.050634,0.039696,0.047944,76510700.000000,Positive
2014-10-17,0.008084,0.053939,0.064316,0.048102,0.124649,94339200.000000,Negative
2014-10-16,0.020305,0.032987,0.075339,0.027031,0.306833,148199400.000000,Negative
2014-10-15,-0.046005,0.024605,0.025237,-0.025899,-0.728726,216591800.000000,Negative
2014-10-14,0.007317,0.049908,0.057539,0.040370,0.115063,97451900.000000,Neutral
2014-10-13,-0.004855,0.042913,0.054937,0.037850,-0.076712,92674100.000000,Neutral
2014-10-10,-0.006630,0.038513,0.054229,0.028454,-0.105471,129552700.000000,Negative
2014-10-09,-0.030958,0.038040,0.042304,0.008190,-0.508195,121363100.000000,Missing
2014-10-08,0.014218,0.042913,0.057741,0.033028,0.230129,101266800.000000,Neutral
2014-10-07,-0.023713,0.036278,0.037484,0.018182,-0.393135,91396300.000000,Negative
2014-10-06,0.000000,0.047738,0.050151,0.038690,0.000000,66212100.000000,Positive
2014-10-03,0.024289,0.057124,0.068862,0.054034,0.393135,110840600.000000,Missing
2014-10-02,0.003567,0.045393,0.053454,0.031132,0.057528,118018800.000000,Positive
2014-10-01,-0.013490,0.044136,0.045360,0.027621,-0.220535,91235900.000000,Positive
2014-09-30,0.002351,0.047205,0.049044,0.040460,0.038353,82217400.000000,Negative
2014-09-29,-0.001174,0.035564,0.044138,0.033727,-0.019175,68038300.000000,Positive
2014-09-26,0.010683,0.046627,0.055292,0.045389,0.172594,66785900.000000,Missing
2014-09-25,-0.019209,0.041699,0.042913,0.022880,-0.316425,104522500.000000,Missing
2014-09-24,0.007625,0.047195,0.051477,0.038020,0.124653,86396100.000000,Missing
2014-09-23,0.001174,0.044138,0.053324,0.042913,0.019178,91921900.000000,Missing
2014-09-22,0.004720,0.051527,0.056450,0.045374,0.076710,109276700.000000,Positive
2014-09-19,-0.005282,0.049645,0.050869,0.033120,-0.086302,88455000.000000,Neutral
2014-09-18,0.016100,0.049754,0.066545,0.049132,0.258890,111923200.000000,Negative
2014-09-17,0.003591,0.042913,0.056644,0.041041,0.057537,82902700.000000,Negative
2014-09-16,-0.001792,0.038552,0.049143,0.038552,-0.028766,65017200.000000,Positive
2014-09-15,-0.002978,0.043534,0.051609,0.032353,-0.047947,87306900.000000,Positive
2014-09-12,0.013277,0.046060,0.059278,0.045431,0.210953,116306800.000000,Negative
2014-09-11,0.012836,0.040363,0.060125,0.039088,0.201351,106598100.000000,Negative
2014-09-10,0.013631,0.044205,0.059713,0.042267,0.210952,75656100.000000,Neutral
2014-09-09,-0.012844,0.036534,0.037172,0.026966,-0.201359,82428900.000000,Positive
2014-09-08,0.020599,0.053980,0.065698,0.051376,0.316421,99411200.000000,Neutral
2014-09-05,-0.005587,0.039029,0.040324,0.029318,-0.086297,80974900.000000,Positive
2014-09-04,0.000621,0.042913,0.053925,0.039026,0.009587,56378600.000000,Neutral
2014-09-03,-0.007398,0.046128,0.046771,0.031340,-0.115059,67418900.000000,Negative
2014-09-02,0.011187,0.049379,0.058481,0.044177,0.172062,59400400.000000,Positive
2014-08-29,0.004997,0.048742,0.054622,0.046781,0.076473,50106600.000000,Missing
2014-08-28,-0.011729,0.039670,0.039670,0.032567,-0.181624,62170400.000000,Negative
2014-08-27,-0.007961,0.048690,0.049972,0.033956,-0.124267,63061800.000000,Positive
2014-08-26,0.002455,0.049339,0.057045,0.048055,0.038236,73323400.000000,Positive
2014-08-25,0.009919,0.055208,0.063639,0.050668,0.152944,89396500.000000,Neutral
2014-08-22,-0.001856,0.046128,0.054544,0.039007,-0.028675,107641800.000000,Negative
2014-08-21,0.041237,0.057587,0.093312,0.052869,0.611780,177294400.000000,Negative
2014-08-20,0.004531,0.043420,0.058316,0.040711,0.066913,57825000.000000,Neutral
2014-08-19,0.000000,0.050868,0.059670,0.045451,0.000000,44825500.000000,Neutral
2014-08-18,0.015112,0.050252,0.061937,0.049565,0.219857,54968600.000000,Neutral
2014-08-15,-0.006527,0.047494,0.052274,0.033837,-0.095590,61535500.000000,Positive
2014-08-14,0.004590,0.046814,0.050930,0.046814,0.066911,29934600.000000,Neutral
2014-08-13,0.002630,0.048879,0.051630,0.045440,0.038239,34394600.000000,Missing
2014-08-12,-0.000657,0.043379,0.051627,0.041317,-0.009560,33674400.000000,Missing
2014-08-11,0.001316,0.050258,0.050946,0.042687,0.019120,41545100.000000,Positive
2014-08-08,0.005291,0.043360,0.051663,0.037133,0.076471,54495000.000000,Missing
2014-08-07,-0.005263,0.062646,0.062646,0.038557,-0.076471,80058300.000000,Missing
2014-08-06,0.013333,0.055892,0.071235,0.055892,0.191179,95977900.000000,Missing
2014-08-05,-0.003322,0.043348,0.056555,0.035701,-0.047794,65071500.000000,Missing
2014-08-04,0.004673,0.052413,0.055905,0.046128,0.066913,51954700.000000,Negative
2014-08-01,-0.017705,0.041326,0.055732,0.018002,-0.258097,115978900.000000,Missing
2014-07-31,-0.021181,0.036728,0.044114,0.023970,-0.315446,70677300.000000,Positive
2014-07-30,0.015645,0.052266,0.068633,0.044082,0.229416,83243100.000000,Negative
2014-07-29,-0.010323,0.047478,0.048153,0.035329,-0.152945,51480500.000000,Missing
2014-07-28,-0.005773,0.046128,0.047470,0.037405,-0.086030,39313000.000000,Negative
2014-07-25,-0.001921,0.044119,0.046798,0.041440,-0.028678,35627200.000000,Positive
2014-07-24,0.006443,0.048824,0.054217,0.048150,0.095592,46549800.000000,Positive
2014-07-23,0.000000,0.046128,0.053543,0.045454,0.000000,47253300.000000,Negative
2014-07-22,0.000000,0.050846,0.052869,0.042758,0.000000,58331100.000000,Neutral
2014-07-21,0.001937,0.041401,0.050180,0.037348,0.028678,61802200.000000,Negative
2014-07-18,0.019079,0.050946,0.066775,0.049569,0.277212,74859200.000000,Positive
2014-07-17,-0.019987,0.042081,0.044105,0.020497,-0.296332,114839900.000000,Neutral
2014-07-16,-0.018975,0.036203,0.036203,0.020984,-0.286771,123711700.000000,Negative
2014-07-15,0.015414,0.058222,0.064941,0.052175,0.229416,99946700.000000,Positive
2014-07-14,0.012354,0.062452,0.065853,0.055651,0.181623,59181700.000000,Neutral
2014-07-11,-0.003886,0.042740,0.045450,0.036642,-0.057354,56849400.000000,Positive
2014-07-10,-0.010256,0.028022,0.041434,0.022657,-0.152944,61458500.000000,Negative
2014-07-09,0.001284,0.048814,0.053514,0.043442,0.019117,46415800.000000,Neutral
2014-07-08,-0.022585,0.038253,0.038909,0.018564,-0.344126,73343400.000000,Neutral
2014-07-07,-0.005615,0.043517,0.044170,0.033076,-0.086033,62437100.000000,Negative
2014-07-03,0.011357,0.060648,0.071209,0.056028,0.172065,70582300.000000,Negative
2014-07-02,0.016026,0.058199,0.074964,0.056858,0.238977,87685800.000000,Positive
2014-07-01,0.014964,0.046809,0.065186,0.046809,0.219857,74193500.000000,Neutral
2014-06-30,0.002609,0.044763,0.054317,0.043398,0.038237,47274500.000000,Neutral
2014-06-27,-0.005191,0.044091,0.046807,0.039339,-0.076473,58149200.000000,Positive
2014-06-26,-0.003879,0.044099,0.050185,0.032603,-0.057356,68519600.000000,Negative
2014-06-25,-0.001291,0.043427,0.046128,0.031946,-0.019115,71766400.000000,Missing
2014-06-24,-0.009591,0.040777,0.050141,0.032750,-0.143386,73262500.000000,Neutral
2014-06-23,0.012298,0.047482,0.059670,0.041388,0.181621,58492200.000000,Positive
2014-06-20,-0.005791,0.052187,0.052187,0.039396,-0.086031,54765300.000000,Missing
2014-06-19,-0.006390,0.047470,0.048139,0.036768,-0.095528,40953900.000000,Positive
2014-06-18,0.003848,0.049487,0.053516,0.036729,0.057315,70220300.000000,Missing
2014-06-17,0.020288,0.046116,0.070094,0.045431,0.296140,58011600.000000,Missing
2014-06-16,-0.010363,0.037309,0.037987,0.029174,-0.152846,55425400.000000,Neutral
2014-06-13,0.001297,0.049517,0.055626,0.040691,0.019105,61588100.000000,Negative
2014-06-12,-0.010904,0.045458,0.051501,0.032701,-0.162399,66173200.000000,Positive
2014-06-11,-0.020729,0.031678,0.040226,0.022472,-0.315247,73729300.000000,Positive
2014-06-10,0.005051,0.042836,0.053410,0.039532,0.076424,49852900.000000,Positive
2014-06-09,0.016036,0.047473,0.066273,0.047473,0.238823,78647900.000000,Negative
2014-06-06,0.010369,0.048158,0.061726,0.046801,0.152846,73930500.000000,Neutral
2014-06-05,0.014464,0.051619,0.065384,0.047489,0.210166,60300500.000000,Negative
2014-06-04,0.000000,0.045425,0.050242,0.042672,0.000000,39757300.000000,Positive
2014-06-03,-0.003277,0.042685,0.048173,0.036512,-0.047765,49025400.000000,Positive
2014-06-02,0.007926,0.048184,0.056481,0.040578,0.114633,46374000.000000,Positive
2014-05-30,-0.000660,0.044728,0.052329,0.041274,-0.009551,45787100.000000,Positive
2014-05-29,0.000660,0.045418,0.051641,0.044035,0.009551,39423000.000000,Positive
2014-05-28,-0.005256,0.050240,0.050928,0.033733,-0.076423,72481700.000000,Neutral
2014-05-27,0.033967,0.066713,0.088759,0.065291,0.477647,125398900.000000,Positive
2014-05-23,0.000680,0.046801,0.053917,0.042531,0.009550,51648900.000000,Positive
2014-05-22,0.006845,0.044652,0.054683,0.042502,0.095533,51929400.000000,Negative
2014-05-21,0.005506,0.051124,0.059769,0.044640,0.076422,64808600.000000,Positive
2014-05-20,-0.009543,0.045374,0.048228,0.033243,-0.133741,60108200.000000,Positive
2014-05-19,0.011027,0.041030,0.060508,0.037423,0.152847,51034700.000000,Negative
2014-05-16,-0.002749,0.043923,0.046082,0.033851,-0.038211,80476100.000000,Neutral
2014-05-15,-0.019542,0.045390,0.046096,0.015058,-0.277037,104193000.000000,Neutral
2014-05-14,-0.012641,0.044015,0.046105,0.031479,-0.181503,52431900.000000,Missing
2014-05-13,-0.002654,0.044717,0.048885,0.037771,-0.038211,58469100.000000,Positive
2014-05-12,0.022388,0.050352,0.072367,0.050352,0.315244,70669900.000000,Neutral
2014-05-09,-0.012726,0.048203,0.051008,0.028572,-0.181505,86751600.000000,Negative
2014-05-08,0.008784,0.050338,0.063776,0.046801,0.124187,65232700.000000,Positive
2014-05-07,0.004752,0.056040,0.060304,0.048222,0.066871,91733000.000000,Neutral
2014-05-06,-0.023209,0.043330,0.043330,0.021811,-0.334351,96268300.000000,Positive
2014-05-05,-0.011148,0.035132,0.038564,0.031013,-0.162399,51669100.000000,Negative
2014-05-02,0.010603,0.053045,0.060675,0.047495,0.152846,73562900.000000,Neutral
2014-05-01,-0.003303,0.046801,0.052332,0.039196,-0.047766,68368300.000000,Positive
2014-04-30,-0.006562,0.048175,0.048862,0.039246,-0.095527,82359700.000000,Positive
2014-04-29,0.019398,0.053103,0.071308,0.044000,0.277034,155495000.000000,Positive
2014-04-28,-0.062696,0.006110,0.011361,-0.024736,-0.955293,344935200.000000,Negative
2014-04-25,-0.023868,0.031426,0.039754,0.020535,-0.372563,84617700.000000,Negative
2014-04-24,-0.001833,0.050638,0.055114,0.036570,-0.028660,73910900.000000,Neutral
2014-04-23,0.004911,0.047444,0.053870,0.042945,0.076424,52425600.000000,Neutral
2014-04-22,0.012430,0.046801,0.063066,0.043548,0.191059,77888900.000000,Neutral
2014-04-21,-0.003715,0.046801,0.048097,0.039023,-0.057318,51280500.000000,Positive
2014-04-17,0.001240,0.047450,0.054589,0.033822,0.019106,104765500.000000,Positive
2014-04-16,-0.015863,0.034666,0.035944,0.007842,-0.248374,172948900.000000,Neutral
2014-04-15,0.024375,0.052689,0.073626,0.044184,0.372564,134956600.000000,Neutral
2014-04-14,0.014584,0.065387,0.076672,0.047465,0.219714,99249400.000000,Negative
2014-04-11,-0.021712,0.029917,0.047450,0.014332,-0.334352,133757100.000000,Positive
2014-04-10,-0.030084,0.046801,0.046801,0.014049,-0.477645,98390900.000000,Negative
2014-04-09,0.010949,0.053805,0.058899,0.041070,0.171952,83096400.000000,Neutral
2014-04-08,0.003663,0.046162,0.054470,0.038493,0.057321,75769700.000000,Positive
2014-04-07,-0.020335,0.044923,0.045549,0.013619,-0.324799,129464900.000000,Neutral
2014-04-04,-0.025073,0.050463,0.051074,0.019334,-0.410777,110409600.000000,Neutral
2014-04-03,-0.004643,0.045586,0.047409,0.034650,-0.076424,56534500.000000,Neutral
2014-04-02,-0.006344,0.047405,0.049216,0.034123,-0.105084,65349000.000000,Positive
2014-04-01,0.008140,0.051670,0.058973,0.050453,0.133744,57423800.000000,Negative
2014-03-31,0.012957,0.057282,0.064680,0.055432,0.210167,62115800.000000,Negative
2014-03-28,-0.001764,0.051724,0.055417,0.036955,-0.028664,79909500.000000,Neutral
2014-03-27,-0.009895,0.052895,0.065690,0.025475,-0.162394,175139500.000000,Positive
2014-03-26,-0.001744,0.057141,0.058358,0.044976,-0.028665,97573700.000000,Negative
2014-03-25,-0.009211,0.054033,0.059457,0.036556,-0.152844,98348600.000000,Negative
2014-03-24,-0.010820,0.050378,0.052166,0.031302,-0.181503,118500000.000000,Positive
2014-03-21,-0.020089,0.053227,0.053227,0.025772,-0.343906,155721000.000000,Positive
2014-03-20,0.027523,0.046801,0.080414,0.046201,0.458540,167048700.000000,Neutral
2014-03-19,0.014543,0.044974,0.065070,0.042538,0.238821,105006500.000000,Neutral
2014-03-18,0.004676,0.048636,0.053531,0.044354,0.076423,67402400.000000,Neutral
2014-03-17,0.018452,0.058017,0.069856,0.057394,0.296141,79942200.000000,Neutral
2014-03-14,-0.020979,0.041921,0.050461,0.022400,-0.343903,131297200.000000,Neutral
2014-03-13,-0.006944,0.050436,0.058311,0.034080,-0.114635,100875700.000000,Neutral
2014-03-12,0.000579,0.041346,0.050438,0.034678,0.009552,83309200.000000,Neutral
2014-03-11,-0.011448,0.049198,0.049797,0.033619,-0.191059,90183400.000000,Neutral
2014-03-10,0.008078,0.043177,0.055258,0.041969,0.133739,81732700.000000,Neutral
2014-03-07,-0.001153,0.058265,0.061282,0.040768,-0.019102,109547100.000000,Positive
2014-03-06,0.005797,0.057117,0.069861,0.050442,0.095524,138078900.000000,Negative
2014-03-05,0.031699,0.051184,0.083740,0.050558,0.506309,207180000.000000,Positive
2014-03-04,0.026380,0.058994,0.075701,0.055781,0.410529,100849900.000000,Neutral
2014-03-03,-0.013914,0.032853,0.039823,0.025883,-0.219587,87526800.000000,Positive
2014-02-28,0.002426,0.047427,0.057590,0.038535,0.038188,126252100.000000,Neutral
2014-02-27,0.009798,0.043579,0.057690,0.039730,0.152754,71314500.000000,Neutral
2014-02-26,-0.000612,0.048710,0.051274,0.033966,-0.009541,89831600.000000,Positive
2014-02-25,-0.011495,0.045526,0.049328,0.034121,-0.181401,81457000.000000,Negative
2014-02-24,0.014733,0.048070,0.069289,0.048070,0.229131,102909600.000000,Neutral
2014-02-21,-0.000613,0.046785,0.059637,0.044214,-0.009544,106236900.000000,Positive
2014-02-20,0.006173,0.048720,0.057772,0.046134,0.095470,107425900.000000,Positive
2014-02-19,-0.016393,0.041704,0.046155,0.028984,-0.257773,137734500.000000,Neutral
2014-02-18,-0.013773,0.047427,0.049936,0.033001,-0.219591,121778600.000000,Neutral
2014-02-14,-0.002985,0.046802,0.048053,0.041174,-0.047732,100684300.000000,Positive
2014-02-13,0.000000,0.041174,0.051804,0.039923,0.000000,95756900.000000,Missing
2014-02-12,-0.007701,0.046807,0.049289,0.033155,-0.124112,96948900.000000,Positive
2014-02-11,0.009569,0.048054,0.059956,0.042416,0.152754,92617500.000000,Positive
2014-02-10,-0.005945,0.040577,0.041823,0.033727,-0.095470,95792500.000000,Negative
2014-02-07,0.007789,0.055586,0.059351,0.043662,0.124111,122571100.000000,Neutral
2014-02-06,0.017683,0.050621,0.068503,0.049982,0.276869,110029100.000000,Missing
2014-02-05,0.003058,0.044865,0.053834,0.034615,0.047737,110576200.000000,Negative
2014-02-04,0.000000,0.056396,0.060880,0.041662,0.000000,125337000.000000,Neutral
2014-02-03,-0.023881,0.048678,0.055556,0.019287,-0.381889,159981200.000000,Neutral
2014-01-31,-0.010632,0.034435,0.050521,0.027629,-0.171849,139432100.000000,Positive
2014-01-30,0.014988,0.055591,0.066894,0.053079,0.238679,91028200.000000,Neutral
2014-01-29,-0.002988,0.036158,0.054940,0.032402,-0.047733,130026900.000000,Positive
2014-01-28,0.025751,0.056418,0.076326,0.051281,0.400982,92891300.000000,Neutral
2014-01-27,-0.008511,0.042334,0.053158,0.022595,-0.133661,134872600.000000,Negative
2014-01-24,-0.024318,0.035624,0.038730,0.021956,-0.391435,112899300.000000,Negative
2014-01-23,-0.016910,0.042541,0.043763,0.022387,-0.276873,123765900.000000,Positive
2014-01-22,0.008231,0.051738,0.056048,0.046811,0.133663,68114400.000000,Positive
2014-01-21,0.000000,0.051738,0.056664,0.038806,0.000000,118269200.000000,Neutral
2014-01-17,-0.004098,0.054786,0.056013,0.041908,-0.066830,96232200.000000,Missing
2014-01-16,-0.004082,0.043763,0.046816,0.037655,-0.066833,163613100.000000,Negative
2014-01-15,0.022660,0.076158,0.088025,0.068663,0.362797,329333100.000000,Positive
2014-01-14,0.020694,0.054440,0.069103,0.053802,0.324604,97786600.000000,Positive
2014-01-13,-0.020274,0.048677,0.049301,0.024318,-0.324604,90025400.000000,Missing
2014-01-10,-0.003565,0.042448,0.044938,0.033735,-0.057284,87454100.000000,Neutral
2014-01-09,0.015078,0.053113,0.069538,0.049323,0.238681,100947200.000000,Missing
2014-01-08,0.004848,0.058219,0.059489,0.048697,0.076377,101036400.000000,Positive
2014-01-07,-0.009604,0.054343,0.055601,0.034225,-0.152754,110605100.000000,Negative
2014-01-06,0.015234,0.061469,0.067852,0.057001,0.238677,114431300.000000,Neutral
2014-01-03,0.019255,0.058487,0.073450,0.055885,0.295964,129921800.000000,Negative
2014-01-02,0.034040,0.055500,0.087118,0.054827,0.506002,148709900.000000,Positive
